1,tag-0001,15
5,tag-0005,15
9,tag-0009,15
13,tag-0013,15
17,tag-0017,15
21,tag-0021,15
25,tag-0025,15
29,tag-0029,15
33,tag-0033,15
37,tag-0037,15
41,tag-0041,15
45,tag-0045,15
49,tag-0049,15
53,tag-0053,15
57,tag-0057,15
61,tag-0061,15
65,tag-0065,15
69,tag-0069,15
73,tag-0073,15
77,tag-0077,15
81,tag-0081,15
85,tag-0085,15
89,tag-0089,15
93,tag-0093,15
97,tag-0097,15
101,tag-0101,15
105,tag-0105,15
109,tag-0109,15
113,tag-0113,15
117,tag-0117,15
121,tag-0121,15
125,tag-0125,15
129,tag-0129,15
133,tag-0133,15
137,tag-0137,15
141,tag-0141,15
145,tag-0145,15
149,tag-0149,15
153,tag-0153,15
157,tag-0157,15
161,tag-0161,15
165,tag-0165,15
169,tag-0169,15
173,tag-0173,15
177,tag-0177,15
181,tag-0181,15
185,tag-0185,15
189,tag-0189,15
193,tag-0193,15
197,tag-0197,15
